backbone,dataset,training,finetuning,head,seed,kwargs_variant,test_balanced_accuracy,test_r2,fit_time,total_params,trainable_params,trainable_pct,method,status,exception,job_id
EEGConformer,bcic2020-3,sgd,full,linear,0,,0.23466666666666666,,116.67168283462524,580325.0,580325.0,100.0,full,completed,,#local#
EEGConformer,bcic2020-3,sgd,full,linear,1,,0.24933333333333332,,105.45089650154114,580325.0,580325.0,100.0,full,completed,,#local#
EEGConformer,bcic2020-3,sgd,full,linear,2,,0.22399999999999998,,62.80582928657532,580325.0,580325.0,100.0,full,completed,,#local#
EEGNet,bcic2020-3,sgd,full,linear,0,,0.272,,69.2459487915039,3573.0,3573.0,100.0,full,completed,,#local#
EEGNet,bcic2020-3,sgd,full,linear,1,,0.2533333333333333,,65.23416686058044,3573.0,3573.0,100.0,full,completed,,#local#
EEGNet,bcic2020-3,sgd,full,linear,2,,0.24933333333333332,,70.55821490287781,3573.0,3573.0,100.0,full,completed,,#local#
ShallowFBCSPNet,bcic2020-3,sgd,full,linear,0,,0.22266666666666665,,31.935505151748657,110325.0,110325.0,100.0,full,completed,,#local#
ShallowFBCSPNet,bcic2020-3,sgd,full,linear,1,,0.24,,34.287545919418335,110325.0,110325.0,100.0,full,completed,,#local#
ShallowFBCSPNet,bcic2020-3,sgd,full,linear,2,,0.24266666666666664,,23.070380449295044,110325.0,110325.0,100.0,full,completed,,#local#
EEGConformer,arithmetic_zyma2019,sgd,full,linear,0,default,0.7430555555555556,,18.6035315990448,784706.0,784706.0,100.0,full,completed,,#local#
EEGConformer,bcic2a,sgd,full,linear,0,default,0.3819444444444444,,22.517284631729126,646212.0,646212.0,100.0,full,completed,,48614568
EEGConformer,physionet,sgd,full,linear,0,default,0.5693112169912823,,82.16469216346741,580292.0,580292.0,100.0,full,completed,,48626259
EEGConformer,chbmit,sgd,full,linear,0,default,0.8179457464160014,,735.46666264534,1457346.0,1457346.0,100.0,full,completed,,48621018
EEGConformer,faced,sgd,full,linear,0,default,0.125,,539.7777075767517,1471977.0,1471977.0,100.0,full,completed,,#local#
EEGConformer,isruc-sleep,sgd,full,linear,0,default,0.7362793285079241,,1544.4715285301208,4173925.0,4173925.0,100.0,full,completed,,48626261
EEGConformer,mdd_mumtaz2016,sgd,full,linear,0,default,0.8486712935748757,,79.80362343788147,784706.0,784706.0,100.0,full,completed,,48617299
EEGConformer,seed-v,sgd,full,linear,0,default,0.2038514905670566,,339.6713750362396,300645.0,300645.0,100.0,full,completed,,48626260
EEGConformer,seed-vig,sgd,full,linear,0,default,,-2.1036279835090417,364.1795253753662,1191073.0,1191073.0,100.0,full,completed,,48625802
EEGConformer,tuab,sgd,full,linear,0,default,0.7674792727484526,,843.7209496498108,1455746.0,1455746.0,100.0,full,completed,,48626257
EEGConformer,tuev,sgd,full,linear,0,default,0.9288817899722089,,37.26934313774109,788038.0,788038.0,100.0,full,completed,,48626258
EEGConformer,arithmetic_zyma2019,sgd,full,linear,1,default,0.6423611111111112,,18.67909574508667,784706.0,784706.0,100.0,full,completed,,#local#
EEGConformer,bcic2a,sgd,full,linear,1,default,0.41782407407407407,,32.621944427490234,646212.0,646212.0,100.0,full,completed,,48614569
EEGConformer,physionet,sgd,full,linear,1,default,0.5625366717851116,,94.79647612571716,580292.0,580292.0,100.0,full,completed,,48626265
EEGConformer,chbmit,sgd,full,linear,1,default,0.61316422010473,,453.91525292396545,1457346.0,1457346.0,100.0,full,completed,,48621086
EEGConformer,faced,sgd,full,linear,1,default,0.125,,393.9879779815674,1471977.0,1471977.0,100.0,full,completed,,#local#
EEGConformer,isruc-sleep,sgd,full,linear,1,default,0.7394186583662516,,1907.7272605895996,4173925.0,4173925.0,100.0,full,completed,,48626267
EEGConformer,mdd_mumtaz2016,sgd,full,linear,1,default,0.8668001025148215,,66.88911294937134,784706.0,784706.0,100.0,full,completed,,48617300
EEGConformer,seed-v,sgd,full,linear,1,default,0.2061393382222308,,340.97983503341675,300645.0,300645.0,100.0,full,completed,,48626266
EEGConformer,seed-vig,sgd,full,linear,1,default,,-0.507064885356248,200.24656319618225,1191073.0,1191073.0,100.0,full,completed,,48625816
EEGConformer,tuab,sgd,full,linear,1,default,0.5,,551.6798760890961,1455746.0,1455746.0,100.0,full,completed,,48626262
EEGConformer,tuev,sgd,full,linear,1,default,0.8945718629864515,,34.10935378074646,788038.0,788038.0,100.0,full,completed,,48626264
EEGConformer,arithmetic_zyma2019,sgd,full,linear,2,default,0.6631944444444444,,15.35162901878357,784706.0,784706.0,100.0,full,completed,,#local#
EEGConformer,bcic2a,sgd,full,linear,2,default,0.3506944444444444,,22.484954833984375,646212.0,646212.0,100.0,full,completed,,48614573
EEGConformer,physionet,sgd,full,linear,2,default,0.5428016173767071,,98.95203185081482,580292.0,580292.0,100.0,full,completed,,48626272
EEGConformer,chbmit,sgd,full,linear,2,default,0.8177096746501846,,883.8314564228058,1457346.0,1457346.0,100.0,full,completed,,48621097
EEGConformer,faced,sgd,full,linear,2,default,0.125,,233.67764520645142,1471977.0,1471977.0,100.0,full,completed,,#local#
EEGConformer,isruc-sleep,sgd,full,linear,2,default,0.7491515932180131,,1781.4509990215302,4173925.0,4173925.0,100.0,full,completed,,48626284
EEGConformer,mdd_mumtaz2016,sgd,full,linear,2,default,0.8668329162024948,,69.72261881828308,784706.0,784706.0,100.0,full,completed,,48617301
EEGConformer,seed-v,sgd,full,linear,2,default,0.20909046088719765,,408.6012635231018,300645.0,300645.0,100.0,full,completed,,48626273
EEGConformer,seed-vig,sgd,full,linear,2,default,,-0.46242733546026016,242.25710821151733,1191073.0,1191073.0,100.0,full,completed,,48625817
EEGConformer,tuab,sgd,full,linear,2,default,0.8228735665657839,,1192.3352530002594,1455746.0,1455746.0,100.0,full,completed,,48626268
EEGConformer,tuev,sgd,full,linear,2,default,0.7935181650115273,,27.00706648826599,788038.0,788038.0,100.0,full,completed,,48626271
EEGNet,arithmetic_zyma2019,sgd,full,linear,0,default,0.5,,7.073466777801514,2402.0,2402.0,100.0,full,completed,,48611280
EEGNet,bcic2a,sgd,full,linear,0,default,0.43229166666666663,,9.033307075500488,3060.0,3060.0,100.0,full,completed,,48614636
EEGNet,physionet,sgd,full,linear,0,default,0.5970313314884326,,44.2378511428833,3284.0,3284.0,100.0,full,completed,,#local#
EEGNet,chbmit,sgd,full,linear,0,default,0.7952184736887287,,125.92550921440125,3362.0,3362.0,100.0,full,completed,,48621280
EEGNet,faced,sgd,full,linear,0,default,0.125,,193.7800521850586,10457.0,10457.0,100.0,full,completed,,#local#
EEGNet,isruc-sleep,sgd,full,linear,0,default,0.7405724325245961,,632.2056031227112,16165.0,16165.0,100.0,full,completed,,48626580
EEGNet,mdd_mumtaz2016,sgd,full,linear,0,default,0.880887529068066,,17.41845417022705,2402.0,2402.0,100.0,full,completed,,48617393
EEGNet,seed-v,sgd,full,linear,0,default,0.2628750563504519,,179.67655062675476,2581.0,2581.0,100.0,full,completed,,48626576
EEGNet,seed-vig,sgd,full,linear,0,default,,-0.4467248646495121,64.34847521781921,2177.0,2177.0,100.0,full,completed,,#local#
EEGNet,tuab,sgd,full,linear,0,default,0.6600568333284796,,145.38262605667114,3346.0,3346.0,100.0,full,completed,,48626564
EEGNet,tuev,sgd,full,linear,0,default,0.6084399889214498,,34.26728343963623,4422.0,4422.0,100.0,full,completed,,#local#
EEGNet,arithmetic_zyma2019,sgd,full,linear,1,default,0.5208333333333334,,11.165511131286621,2402.0,2402.0,100.0,full,completed,,#local#
EEGNet,bcic2a,sgd,full,linear,1,default,0.4288194444444444,,8.631427526473999,3060.0,3060.0,100.0,full,completed,,48614649
EEGNet,physionet,sgd,full,linear,1,default,0.6043459520753374,,44.11023664474487,3284.0,3284.0,100.0,full,completed,,#local#
EEGNet,chbmit,sgd,full,linear,1,default,0.7270366555069104,,136.63849186897278,3362.0,3362.0,100.0,full,completed,,48621283
EEGNet,faced,sgd,full,linear,1,default,0.125,,192.73249983787537,10457.0,10457.0,100.0,full,completed,,#local#
EEGNet,isruc-sleep,sgd,full,linear,1,default,0.7374789737439528,,656.8411483764648,16165.0,16165.0,100.0,full,completed,,48626646
EEGNet,mdd_mumtaz2016,sgd,full,linear,1,default,0.9150878502630249,,17.296680688858032,2402.0,2402.0,100.0,full,completed,,48617396
EEGNet,seed-v,sgd,full,linear,1,default,0.2608531878628418,,127.53378033638,2581.0,2581.0,100.0,full,completed,,48626643
EEGNet,seed-vig,sgd,full,linear,1,default,,-0.5073710582592577,74.5222680568695,2177.0,2177.0,100.0,full,completed,,#local#
EEGNet,tuab,sgd,full,linear,1,default,0.5681521103601536,,275.32203102111816,3346.0,3346.0,100.0,full,completed,,48626596
EEGNet,tuev,sgd,full,linear,1,default,0.6193487917540276,,38.69765830039978,4422.0,4422.0,100.0,full,completed,,48626640
EEGNet,arithmetic_zyma2019,sgd,full,linear,2,default,0.6006944444444444,,4.339421033859253,2402.0,2402.0,100.0,full,completed,,#local#
EEGNet,bcic2a,sgd,full,linear,2,default,0.48263888888888884,,9.563642978668213,3060.0,3060.0,100.0,full,completed,,48614663
EEGNet,physionet,sgd,full,linear,2,default,0.6026606220424154,,47.4732301235199,3284.0,3284.0,100.0,full,completed,,#local#
EEGNet,chbmit,sgd,full,linear,2,default,0.9540733110138209,,146.90924501419067,3362.0,3362.0,100.0,full,completed,,48621284
EEGNet,faced,sgd,full,linear,2,default,0.125,,179.30737352371216,10457.0,10457.0,100.0,full,completed,,#local#
EEGNet,isruc-sleep,sgd,full,linear,2,default,0.7146235796180653,,629.6970410346985,16165.0,16165.0,100.0,full,completed,,48626657
EEGNet,mdd_mumtaz2016,sgd,full,linear,2,default,0.880677083951122,,18.949061632156372,2402.0,2402.0,100.0,full,completed,,48617397
EEGNet,seed-v,sgd,full,linear,2,default,0.25691201455370394,,131.1601014137268,2581.0,2581.0,100.0,full,completed,,48626655
EEGNet,seed-vig,sgd,full,linear,2,default,,-0.5474844629879998,93.64771127700806,2177.0,2177.0,100.0,full,completed,,#local#
EEGNet,tuab,sgd,full,linear,2,default,0.6016315780041354,,154.45420598983765,3346.0,3346.0,100.0,full,completed,,48626649
EEGNet,tuev,sgd,full,linear,2,default,0.5974028496072418,,14.855107545852661,4422.0,4422.0,100.0,full,completed,,48626652
ShallowFBCSPNet,arithmetic_zyma2019,sgd,full,linear,0,default,0.7673611111111112,,18.125725984573364,36402.0,36402.0,100.0,full,completed,,#local#
ShallowFBCSPNet,bcic2a,sgd,full,linear,0,default,0.48032407407407407,,7.10636305809021,43844.0,43844.0,100.0,full,completed,,#local#
ShallowFBCSPNet,physionet,sgd,full,linear,0,default,0.5664716254042278,,33.12794470787048,108964.0,108964.0,100.0,full,completed,,#local#
ShallowFBCSPNet,chbmit,sgd,full,linear,0,default,0.7038372392480041,,161.47180223464966,38482.0,38482.0,100.0,full,completed,,#local#
ShallowFBCSPNet,faced,sgd,full,linear,0,default,0.125,,175.5378382205963,88449.0,88449.0,100.0,full,completed,,#local#
ShallowFBCSPNet,isruc-sleep,sgd,full,linear,0,default,0.7372942465182627,,2178.224752664566,89525.0,89525.0,100.0,full,completed,,48628473
ShallowFBCSPNet,mdd_mumtaz2016,sgd,full,linear,0,default,0.8731100045093299,,27.40268898010254,36402.0,36402.0,100.0,full,completed,,#local#
ShallowFBCSPNet,seed-v,sgd,full,linear,0,default,0.30862559065752837,,71.09778189659119,101725.0,101725.0,100.0,full,completed,,48628478
ShallowFBCSPNet,seed-vig,sgd,full,linear,0,default,,-0.415464374569567,211.72581887245178,32361.0,32361.0,100.0,full,completed,,48625888
ShallowFBCSPNet,tuab,sgd,full,linear,0,default,0.7398701928569669,,380.30319833755493,36882.0,36882.0,100.0,full,completed,,48628500
ShallowFBCSPNet,tuev,sgd,full,linear,0,default,0.9191101040289761,,20.296202898025513,49366.0,49366.0,100.0,full,completed,,48628507
ShallowFBCSPNet,arithmetic_zyma2019,sgd,full,linear,1,default,0.7361111111111112,,4.53256630897522,36402.0,36402.0,100.0,full,completed,,#local#
ShallowFBCSPNet,bcic2a,sgd,full,linear,1,default,0.47453703703703703,,7.06096076965332,43844.0,43844.0,100.0,full,completed,,#local#
ShallowFBCSPNet,physionet,sgd,full,linear,1,default,0.565246984943193,,29.00685691833496,108964.0,108964.0,100.0,full,completed,,#local#
ShallowFBCSPNet,chbmit,sgd,full,linear,1,default,0.7270366555069104,,120.93296790122986,38482.0,38482.0,100.0,full,completed,,#local#
ShallowFBCSPNet,faced,sgd,full,linear,1,default,0.125,,174.1571865081787,88449.0,88449.0,100.0,full,completed,,#local#
ShallowFBCSPNet,isruc-sleep,sgd,full,linear,1,default,0.6595989962651962,,1123.8498923778534,89525.0,89525.0,100.0,full,completed,,48628642
ShallowFBCSPNet,mdd_mumtaz2016,sgd,full,linear,1,default,0.8621164468813969,,27.19475269317627,36402.0,36402.0,100.0,full,completed,,#local#
ShallowFBCSPNet,seed-v,sgd,full,linear,1,default,0.29200653394579473,,129.0687825679779,101725.0,101725.0,100.0,full,completed,,48628646
ShallowFBCSPNet,seed-vig,sgd,full,linear,1,default,,-0.4025679157093309,208.85806274414062,32361.0,32361.0,100.0,full,completed,,48625890
ShallowFBCSPNet,tuab,sgd,full,linear,1,default,0.6951629505839025,,201.71056151390076,36882.0,36882.0,100.0,full,completed,,48628655
ShallowFBCSPNet,tuev,sgd,full,linear,1,default,0.8043530604531078,,34.2082405090332,49366.0,49366.0,100.0,full,completed,,48628667
ShallowFBCSPNet,arithmetic_zyma2019,sgd,full,linear,2,default,0.6909722222222222,,4.959845781326294,36402.0,36402.0,100.0,full,completed,,#local#
ShallowFBCSPNet,bcic2a,sgd,full,linear,2,default,0.4849537037037037,,7.126930236816406,43844.0,43844.0,100.0,full,completed,,#local#
ShallowFBCSPNet,physionet,sgd,full,linear,2,default,0.5584582852067724,,26.60093402862549,108964.0,108964.0,100.0,full,completed,,#local#
ShallowFBCSPNet,chbmit,sgd,full,linear,2,default,0.4997639282341832,,131.73076701164246,38482.0,38482.0,100.0,full,completed,,#local#
ShallowFBCSPNet,faced,sgd,full,linear,2,default,0.125,,170.54939651489258,88449.0,88449.0,100.0,full,completed,,#local#
ShallowFBCSPNet,isruc-sleep,sgd,full,linear,2,default,0.7343000351380526,,2091.7101590633392,89525.0,89525.0,100.0,full,completed,,48628685
ShallowFBCSPNet,mdd_mumtaz2016,sgd,full,linear,2,default,0.8344198471961359,,24.28224515914917,36402.0,36402.0,100.0,full,completed,,#local#
ShallowFBCSPNet,seed-v,sgd,full,linear,2,default,0.2920460679334121,,117.75274705886841,101725.0,101725.0,100.0,full,completed,,48628700
ShallowFBCSPNet,seed-vig,sgd,full,linear,2,default,,-0.5190019264309056,206.60345911979675,32361.0,32361.0,100.0,full,completed,,48625892
ShallowFBCSPNet,tuab,sgd,full,linear,2,default,0.803661515749575,,377.81555819511414,36882.0,36882.0,100.0,full,completed,,48628715
ShallowFBCSPNet,tuev,sgd,full,linear,2,default,0.9153421669678655,,24.200374841690063,49366.0,49366.0,100.0,full,completed,,48628875
